{
  "metrics": {
    "rmse": 711.9629646337104,
    "mae": 519.9195043043245,
    "r2": 0.8622154733294444
  }
}