{
  "rf": {
    "rmse": 302.74523469458376,
    "mae": 208.92282237753645,
    "r2": 0.8973904784678359
  },
  "dnn": {
    "rmse": 556.8330090790237,
    "mae": 403.8882751464844,
    "r2": 0.6528773307800293
  },
  "lstm": {
    "rmse": 711.9629646337104,
    "mae": 519.9195043043245,
    "r2": 0.8622154733294444
  }
}